"STAT.","SCAN TIME","CLUSTER","NAMESPACE","WORKLOAD","CONTAINER NAME","REGISTRY","IMAGE TAG","RELEVANT","CRITICAL","HIGH","MEDIUM","LOW","NEGLIGIBLE","UNKNOWN"
"Success","Jan 4, 2024, 8:45:59 AM","vdb-core-digital-k8s-prod","meterreading","pod-sparkplug-connections-sync-1704348018897809327-84eb068cd30f192a-exec-6","spark-kubernetes-executor","bigdataregistry.azurecr.io","bigdataregistry.azurecr.io/sparkplug:20240103-12146",790,140,399,236,55,73,5
"Success","Jan 4, 2024, 8:39:42 AM","vdb-core-digital-k8s-prod","meterreading","pod-sparkplug-connections-sync-1704348018897809327-driver","spark-kubernetes-driver","bigdataregistry.azurecr.io","bigdataregistry.azurecr.io/sparkplug:20240103-12146",790,140,399,236,55,73,5
"Success","Jan 4, 2024, 8:39:13 AM","vdb-core-digital-k8s-prod","meterreading","pod-sparkplug-connections-sync-with-anomalies-1703934017003362460-driver","spark-kubernetes-driver","bigdataregistry.azurecr.io","bigdataregistry.azurecr.io/sparkplug:20231222-12766",787,140,396,236,55,73,5
"Success","Jan 4, 2024, 4:24:03 PM","vdb-core-digital-k8s-prod","meterreading","pod-sparkplug-connections-sync-with-anomalies-1703934017003362460-7896428cba61ec4c-exec-24","spark-kubernetes-executor","bigdataregistry.azurecr.io","bigdataregistry.azurecr.io/sparkplug:20231222-12766",783,140,396,236,55,73,5
"Success","Jan 4, 2024, 2:43:44 PM","vdb-core-digital-k8s-prod","airbyte","pod-destination-snowflake-write-8761-0-muniq","main","docker.io","docker.io/airbyte/destination-snowflake:1.0.6",375,46,245,226,43,0,0
"Success","Jan 4, 2024, 1:43:06 PM","vdb-core-digital-k8s-prod","airbyte","pod-destination-snowflake-write-8759-0-txmhp","main","docker.io","docker.io/airbyte/destination-snowflake:1.0.6",375,46,245,226,43,0,0
"Success","Jan 4, 2024, 12:53:42 PM","vdb-core-digital-k8s-prod","airbyte","pod-destination-snowflake-write-8758-0-lxruq","main","docker.io","docker.io/airbyte/destination-snowflake:1.0.6",375,46,245,226,43,0,0
"Success","Jan 4, 2024, 8:46:42 AM","vdb-core-digital-k8s-prod","airbyte","pod-destination-snowflake-write-8748-0-dwyym","main","docker.io","docker.io/airbyte/destination-snowflake:1.0.6",375,46,245,226,43,0,0
"Success","Jan 4, 2024, 6:30:17 AM","vdb-core-digital-k8s-prod","airbyte","pod-destination-snowflake-write-8742-0-uviip","main","docker.io","docker.io/airbyte/destination-snowflake:1.0.6",375,46,245,226,43,0,0
"Success","Jan 4, 2024, 5:53:24 AM","vdb-core-digital-k8s-prod","airbyte","pod-destination-snowflake-write-8740-0-nbcgx","main","docker.io","docker.io/airbyte/destination-snowflake:1.0.6",375,46,245,226,43,0,0
"Success","Jan 3, 2024, 11:43:57 PM","vdb-core-digital-k8s-prod","airbyte","pod-destination-snowflake-write-8726-0-knimr","main","docker.io","docker.io/airbyte/destination-snowflake:1.0.6",375,46,245,226,43,0,0
"Success","Jan 3, 2024, 10:53:52 PM","vdb-core-digital-k8s-prod","airbyte","pod-destination-snowflake-write-8725-0-piygy","main","docker.io","docker.io/airbyte/destination-snowflake:1.0.6",375,46,245,226,43,0,0
"Success","Jan 4, 2024, 8:42:37 AM","vdb-core-digital-k8s-prod","keycloak","deployment-keycloak","service","bigdataregistry.azurecr.io","bigdataregistry.azurecr.io/keycloak:20231228-12753",328,60,136,282,119,0,4
"Success","Jan 4, 2024, 2:44:06 PM","vdb-core-digital-k8s-prod","airbyte","pod-normalization-snowflake-normalize-8761-0-cxyhk","main","docker.io","docker.io/airbyte/normalization-snowflake:0.4.3",254,51,370,399,31,441,14
"Success","Jan 4, 2024, 12:53:51 PM","vdb-core-digital-k8s-prod","airbyte","pod-normalization-snowflake-normalize-8758-0-krtzu","main","docker.io","docker.io/airbyte/normalization-snowflake:0.4.3",254,51,370,399,31,441,14
"Success","Jan 4, 2024, 11:38:48 AM","vdb-core-digital-k8s-prod","airbyte","pod-normalization-snowflake-normalize-8754-0-ytodv","main","docker.io","docker.io/airbyte/normalization-snowflake:0.4.3",254,51,370,399,31,441,14
"Success","Jan 4, 2024, 8:46:51 AM","vdb-core-digital-k8s-prod","airbyte","pod-normalization-snowflake-normalize-8748-0-byodp","main","docker.io","docker.io/airbyte/normalization-snowflake:0.4.3",254,51,370,399,31,441,14
"Success","Jan 4, 2024, 7:43:33 AM","vdb-core-digital-k8s-prod","airbyte","pod-normalization-snowflake-normalize-8745-0-wtfyb","main","docker.io","docker.io/airbyte/normalization-snowflake:0.4.3",254,51,370,399,31,441,14
"Success","Jan 3, 2024, 11:44:10 PM","vdb-core-digital-k8s-prod","airbyte","pod-normalization-snowflake-normalize-8726-0-hwsuo","main","docker.io","docker.io/airbyte/normalization-snowflake:0.4.3",254,51,370,399,31,441,14
"Success","Jan 3, 2024, 10:54:18 PM","vdb-core-digital-k8s-prod","airbyte","pod-normalization-snowflake-normalize-8725-0-eceya","main","docker.io","docker.io/airbyte/normalization-snowflake:0.4.3",254,51,370,399,31,441,14
"Success","Jan 4, 2024, 5:53:32 AM","vdb-core-digital-k8s-prod","airbyte","pod-normalization-snowflake-normalize-8740-0-podsp","main","docker.io","docker.io/airbyte/normalization-snowflake:0.4.3",253,51,370,399,31,441,14
"Success","Jan 4, 2024, 8:40:23 AM","vdb-core-digital-k8s-prod","jupyterhub","pod-jupyter-niek-20van-20den-20bos","notebook","docker.io","docker.io/vandebron/pyspark-notebook:e20274919904",183,167,457,1366,409,79,0
"Success","Jan 4, 2024, 8:39:05 AM","vdb-core-digital-k8s-prod","dagster","deployment-ucd-pmr-portfolio-management-reporting","dagster-user-deployments","bigdataregistry.azurecr.io","bigdataregistry.azurecr.io/portfolio-management-reporting:20231228-3314",176,10,151,162,34,600,14
"Success","Jan 4, 2024, 8:38:54 AM","vdb-core-digital-k8s-prod","dagster","deployment-ucd-pmm-portfolio-management-monitoring","dagster-user-deployments","bigdataregistry.azurecr.io","bigdataregistry.azurecr.io/portfolio-management-monitoring:20231228-3322",175,10,151,162,34,600,14
"Success","Jan 4, 2024, 2:43:26 PM","vdb-core-digital-k8s-prod","airbyte","pod-source-postgres-read-8761-0-tpqkt","main","docker.io","docker.io/airbyte/source-postgres:2.0.34",159,6,98,158,22,0,0
"Success","Jan 4, 2024, 1:43:13 PM","vdb-core-digital-k8s-prod","airbyte","pod-source-postgres-read-8759-0-ubutd","main","docker.io","docker.io/airbyte/source-postgres:2.0.34",159,6,98,158,22,0,0
"Success","Jan 4, 2024, 12:53:48 PM","vdb-core-digital-k8s-prod","airbyte","pod-source-postgres-read-8758-0-uljaq","main","docker.io","docker.io/airbyte/source-postgres:2.0.34",159,6,98,158,22,0,0
"Success","Jan 4, 2024, 8:46:47 AM","vdb-core-digital-k8s-prod","airbyte","pod-source-postgres-read-8748-0-npget","main","docker.io","docker.io/airbyte/source-postgres:2.0.34",159,6,98,158,22,0,0
"Success","Jan 4, 2024, 8:46:38 AM","vdb-core-digital-k8s-prod","airbyte","pod-postgres-discover-ceae81ab-d7d9-42fb-b79f-993e6e7d0ca5-0-mcida","main","docker.io","docker.io/airbyte/source-postgres:2.0.34",159,6,98,158,22,0,0
"Success","Jan 4, 2024, 6:42:49 AM","vdb-core-digital-k8s-prod","airbyte","pod-source-postgres-read-8743-0-ekneb","main","docker.io","docker.io/airbyte/source-postgres:2.0.34",159,6,98,158,22,0,0
"Success","Jan 4, 2024, 5:53:30 AM","vdb-core-digital-k8s-prod","airbyte","pod-source-postgres-read-8740-0-jksbl","main","docker.io","docker.io/airbyte/source-postgres:2.0.34",159,6,98,158,22,0,0
"Success","Jan 3, 2024, 11:44:04 PM","vdb-core-digital-k8s-prod","airbyte","pod-source-postgres-read-8726-0-iggfz","main","docker.io","docker.io/airbyte/source-postgres:2.0.34",159,6,98,158,22,0,0
"Success","Jan 3, 2024, 10:53:17 PM","vdb-core-digital-k8s-prod","airbyte","pod-source-postgres-read-8725-0-ntxmv","main","docker.io","docker.io/airbyte/source-postgres:2.0.34",159,6,98,158,22,0,0
"Success","Jan 4, 2024, 8:40:48 AM","vdb-core-digital-k8s-prod","airbyte","deployment-airbyte-worker","airbyte-worker-container","docker.io","docker.io/airbyte/worker:0.50.5",116,7,98,107,24,0,0
"Success","Jan 4, 2024, 8:44:23 AM","vdb-core-digital-k8s-prod","dagster","deployment-ucd-fovf-flex-optimizer-volume-forecasting","dagster-user-deployments","bigdataregistry.azurecr.io","bigdataregistry.azurecr.io/flex-optimizer-volume-forecasting:20231221-3305",113,2,29,65,7,246,6
"Success","Jan 4, 2024, 8:44:19 AM","vdb-core-digital-k8s-prod","elastic","deployment-cerebro","cerebro","docker.io","docker.io/lmenezes/cerebro:0.9.4",108,24,83,59,28,67,3
"Success","Jan 4, 2024, 4:23:05 PM","vdb-core-digital-k8s-prod","trading-cbp-message-store","statefulset-trading-cbp-message-store-postgres","patroni","quay.io","quay.io/ongres/patroni:v3.2.0-pg15.5-build-6.29",93,5,13,55,68,0,2
"Success","Jan 4, 2024, 4:23:00 PM","vdb-core-digital-k8s-prod","p4-data-processing","statefulset-p4-data-processing-postgres","patroni","quay.io","quay.io/ongres/patroni:v3.2.0-pg15.5-build-6.29",93,5,13,55,68,0,2
"Success","Jan 4, 2024, 4:22:51 PM","vdb-core-digital-k8s-prod","central-asset-store","statefulset-central-asset-store-postgres","patroni","quay.io","quay.io/ongres/patroni:v3.2.0-pg15.5-build-6.29",93,5,13,55,68,0,2
"Success","Jan 4, 2024, 4:23:24 PM","vdb-core-digital-k8s-prod","public-api-vpp","statefulset-public-api-vpp-postgres","patroni","quay.io","quay.io/ongres/patroni:v3.2.0-pg15.5-build-6.29",93,5,13,55,68,0,2
"Success","Jan 4, 2024, 4:23:15 PM","vdb-core-digital-k8s-prod","trade-store-api","statefulset-trade-store-api-postgres","patroni","quay.io","quay.io/ongres/patroni:v3.2.0-pg15.5-build-6.29",93,5,13,55,68,0,2
"Success","Jan 4, 2024, 4:23:10 PM","vdb-core-digital-k8s-prod","curtailment-volumes-api","statefulset-curtailment-volumes-api-postgres","patroni","quay.io","quay.io/ongres/patroni:v3.2.0-pg15.5-build-6.29",93,5,13,55,68,0,2
"Success","Jan 4, 2024, 4:22:55 PM","vdb-core-digital-k8s-prod","trading-cbp-manager","statefulset-trading-cbp-manager-postgres","patroni","quay.io","quay.io/ongres/patroni:v3.2.0-pg15.5-build-6.29",93,5,13,55,68,0,2
"Success","Jan 4, 2024, 4:22:09 PM","vdb-core-digital-k8s-prod","energy-asset-volumes","statefulset-energy-asset-volumes-postgres","patroni","quay.io","quay.io/ongres/patroni:v3.2.0-pg15.5-build-6.29",93,5,13,55,68,0,2
"Success","Jan 4, 2024, 4:22:41 PM","vdb-core-digital-k8s-prod","lightdash","statefulset-lightdash-postgres","patroni","quay.io","quay.io/ongres/patroni:v3.2.0-pg15.5-build-6.29",93,5,13,55,68,0,2
"Success","Jan 4, 2024, 4:22:01 PM","vdb-core-digital-k8s-prod","calculate-position-data","statefulset-calculate-position-data-postgres","patroni","quay.io","quay.io/ongres/patroni:v3.2.0-pg15.5-build-6.29",93,5,13,55,68,0,2
"Success","Jan 4, 2024, 4:22:18 PM","vdb-core-digital-k8s-prod","curtailment-audit","statefulset-curtailment-audit-postgres","patroni","quay.io","quay.io/ongres/patroni:v3.2.0-pg15.5-build-6.29",93,5,13,55,68,0,2
"Success","Jan 4, 2024, 4:22:27 PM","vdb-core-digital-k8s-prod","tennet-imbalance-prices","statefulset-tennet-imbalance-prices-postgres","patroni","quay.io","quay.io/ongres/patroni:v3.2.0-pg15.5-build-6.29",93,5,13,55,68,0,2
"Success","Jan 4, 2024, 4:22:13 PM","vdb-core-digital-k8s-prod","vdb-services","statefulset-energyconsumers-postgres","patroni","quay.io","quay.io/ongres/patroni:v3.2.0-pg15.5-build-6.29",93,5,13,55,68,0,2
"Success","Jan 4, 2024, 4:22:22 PM","vdb-core-digital-k8s-prod","curtailment-fleet","statefulset-curtailment-fleet-postgres","patroni","quay.io","quay.io/ongres/patroni:v3.2.0-pg15.5-build-6.29",93,5,13,55,68,0,2
"Success","Jan 4, 2024, 4:22:31 PM","vdb-core-digital-k8s-prod","poolagent","statefulset-poolagent-postgres","patroni","quay.io","quay.io/ongres/patroni:v3.2.0-pg15.5-build-6.29",93,5,13,55,68,0,2
"Success","Jan 4, 2024, 4:09:15 PM","vdb-core-digital-k8s-prod","bucketing-service","statefulset-bucketing-service-postgres","patroni","quay.io","quay.io/ongres/patroni:v3.2.0-pg15.5-build-6.29",93,5,13,55,68,0,2
"Success","Jan 4, 2024, 4:21:24 PM","vdb-core-digital-k8s-prod","eprogram-timeseries-service","statefulset-eprogram-timeseries-service-postgres","patroni","quay.io","quay.io/ongres/patroni:v3.2.0-pg15.5-build-6.29",93,5,13,55,68,0,2
"Success","Jan 4, 2024, 4:21:51 PM","vdb-core-digital-k8s-prod","ocpp-communication","statefulset-ocpp-communication-postgres","patroni","quay.io","quay.io/ongres/patroni:v3.2.0-pg15.5-build-6.29",93,5,13,55,68,0,2
"Success","Jan 4, 2024, 4:21:42 PM","vdb-core-digital-k8s-prod","curtailment-billing","statefulset-curtailment-billing-postgres","patroni","quay.io","quay.io/ongres/patroni:v3.2.0-pg15.5-build-6.29",93,5,13,55,68,0,2
"Success","Jan 4, 2024, 4:21:29 PM","vdb-core-digital-k8s-prod","production-correction","statefulset-production-correction-postgres","patroni","quay.io","quay.io/ongres/patroni:v3.2.0-pg15.5-build-6.29",93,5,13,55,68,0,2
"Success","Jan 4, 2024, 4:21:47 PM","vdb-core-digital-k8s-prod","telemetry-allocation-api","statefulset-telemetry-allocation-api-postgres","patroni","quay.io","quay.io/ongres/patroni:v3.2.0-pg15.5-build-6.29",93,5,13,55,68,0,2
"Success","Jan 4, 2024, 4:21:56 PM","vdb-core-digital-k8s-prod","charge-session-agent","statefulset-charge-session-agent-postgres","patroni","quay.io","quay.io/ongres/patroni:v3.2.0-pg15.5-build-6.29",93,5,13,55,68,0,2
"Success","Jan 4, 2024, 4:21:37 PM","vdb-core-digital-k8s-prod","flex-optimizer","statefulset-flex-optimizer-postgres","patroni","quay.io","quay.io/ongres/patroni:v3.2.0-pg15.5-build-6.29",93,5,13,55,68,0,2
"Success","Jan 4, 2024, 4:21:27 PM","vdb-core-digital-k8s-prod","dagster","statefulset-dagster-postgres","patroni","quay.io","quay.io/ongres/patroni:v3.2.0-pg15.5-build-6.29",93,5,13,55,68,0,2
"Success","Jan 4, 2024, 3:56:43 PM","vdb-core-digital-k8s-prod","asset-reservations","statefulset-asset-reservations-postgres","patroni","quay.io","quay.io/ongres/patroni:v3.2.0-pg15.5-build-6.29",93,5,13,55,68,0,2
"Success","Jan 4, 2024, 3:31:57 PM","vdb-core-digital-k8s-prod","battery-agent","statefulset-battery-agent-postgres","patroni","quay.io","quay.io/ongres/patroni:v3.2.0-pg15.5-build-6.29",93,5,13,55,68,0,2
"Success","Jan 4, 2024, 3:31:58 PM","vdb-core-digital-k8s-prod","batterypack","statefulset-batterypack-postgres","patroni","quay.io","quay.io/ongres/patroni:v3.2.0-pg15.5-build-6.29",93,5,13,55,68,0,2
"Success","Jan 4, 2024, 1:28:36 PM","vdb-core-digital-k8s-prod","airbyte","statefulset-airbyte-postgres","patroni","quay.io","quay.io/ongres/patroni:v3.2.0-pg15.5-build-6.29",93,5,13,55,68,0,2
"Success","Jan 4, 2024, 8:40:35 AM","vdb-core-digital-k8s-prod","weather-data","statefulset-weather-data-postgres","patroni","quay.io","quay.io/ongres/patroni:v3.2.0-pg15.5-build-6.29",93,5,13,55,68,0,2
"Success","Jan 4, 2024, 8:45:52 AM","vdb-core-digital-k8s-prod","ellert-p4-postgres","statefulset-ellert-p4-postgres-postgres","patroni","quay.io","quay.io/ongres/patroni:v3.2.0-pg15.5-build-6.29",93,5,13,55,68,0,2
"Success","Jan 4, 2024, 8:38:24 AM","vdb-core-digital-k8s-prod","asset-compliance","statefulset-asset-compliance-postgres","patroni","quay.io","quay.io/ongres/patroni:v3.2.0-pg15.5-build-6.29",93,5,13,55,68,0,2
"Success","Jan 4, 2024, 4:23:19 PM","vdb-core-digital-k8s-prod","salesforce-middleware","statefulset-salesforce-middleware-postgres","patroni","quay.io","quay.io/ongres/patroni:v3.2.0-pg15.5-build-6.29",79,5,13,55,68,0,2
"Success","Jan 4, 2024, 4:22:33 PM","vdb-core-digital-k8s-prod","producers","statefulset-producers-postgres","patroni","quay.io","quay.io/ongres/patroni:v3.2.0-pg15.5-build-6.29",79,5,13,55,68,0,2
"Success","Jan 4, 2024, 8:44:57 AM","vdb-core-digital-k8s-prod","dagster","deployment-dagster-daemon","dagster","docker.io","docker.io/dagster/dagster-celery-k8s:1.4.7",79,5,51,85,8,130,9
"Success","Jan 4, 2024, 8:45:46 AM","vdb-core-digital-k8s-prod","p4-data-processing","statefulset-p4-legacy-postgres","patroni","quay.io","quay.io/ongres/patroni:v3.2.0-pg15.5-build-6.29",79,5,13,55,68,0,2
"Success","Jan 4, 2024, 8:42:31 AM","vdb-core-digital-k8s-prod","dagster","deployment-dagster-dagster-webserver","dagster","docker.io","docker.io/dagster/dagster-celery-k8s:1.4.7",79,5,51,85,8,130,9
"Success","Jan 4, 2024, 2:43:29 PM","vdb-core-digital-k8s-prod","airbyte","pod-source-postgres-read-8761-0-tpqkt","relay-stdout","docker.io","docker.io/alpine/socat:1.7.4.3-r0",58,3,40,24,0,0,0
"Success","Jan 4, 2024, 2:43:29 PM","vdb-core-digital-k8s-prod","airbyte","pod-source-postgres-read-8761-0-tpqkt","relay-stderr","docker.io","docker.io/alpine/socat:1.7.4.3-r0",58,3,40,24,0,0,0
"Success","Jan 4, 2024, 1:43:11 PM","vdb-core-digital-k8s-prod","airbyte","pod-destination-snowflake-write-8759-0-txmhp","relay-stdout","docker.io","docker.io/alpine/socat:1.7.4.3-r0",58,3,40,24,0,0,0
"Success","Jan 4, 2024, 1:43:11 PM","vdb-core-digital-k8s-prod","airbyte","pod-destination-snowflake-write-8759-0-txmhp","remote-stdin","docker.io","docker.io/alpine/socat:1.7.4.3-r0",58,3,40,24,0,0,0
"Success","Jan 4, 2024, 1:43:12 PM","vdb-core-digital-k8s-prod","airbyte","pod-destination-snowflake-write-8759-0-txmhp","relay-stderr","docker.io","docker.io/alpine/socat:1.7.4.3-r0",58,3,40,24,0,0,0
"Success","Jan 4, 2024, 12:53:47 PM","vdb-core-digital-k8s-prod","airbyte","pod-destination-snowflake-write-8758-0-lxruq","relay-stderr","docker.io","docker.io/alpine/socat:1.7.4.3-r0",58,3,40,24,0,0,0
"Success","Jan 4, 2024, 12:53:47 PM","vdb-core-digital-k8s-prod","airbyte","pod-destination-snowflake-write-8758-0-lxruq","relay-stdout","docker.io","docker.io/alpine/socat:1.7.4.3-r0",58,3,40,24,0,0,0
"Success","Jan 4, 2024, 12:53:46 PM","vdb-core-digital-k8s-prod","airbyte","pod-destination-snowflake-write-8758-0-lxruq","remote-stdin","docker.io","docker.io/alpine/socat:1.7.4.3-r0",58,3,40,24,0,0,0
"Success","Jan 4, 2024, 11:37:27 AM","vdb-core-digital-k8s-prod","airbyte","pod-source-google-sheets-read-8754-0-tbalq","relay-stderr","docker.io","docker.io/alpine/socat:1.7.4.3-r0",58,3,40,24,0,0,0
"Success","Jan 4, 2024, 11:37:27 AM","vdb-core-digital-k8s-prod","airbyte","pod-source-google-sheets-read-8754-0-tbalq","relay-stdout","docker.io","docker.io/alpine/socat:1.7.4.3-r0",58,3,40,24,0,0,0
"Success","Jan 4, 2024, 11:37:32 AM","vdb-core-digital-k8s-prod","airbyte","pod-destination-snowflake-write-8754-0-jwtbw","relay-stderr","docker.io","docker.io/alpine/socat:1.7.4.3-r0",58,3,40,24,0,0,0
"Success","Jan 4, 2024, 8:46:50 AM","vdb-core-digital-k8s-prod","airbyte","pod-source-postgres-read-8748-0-npget","relay-stderr","docker.io","docker.io/alpine/socat:1.7.4.3-r0",58,3,40,24,0,0,0
"Success","Jan 4, 2024, 8:46:50 AM","vdb-core-digital-k8s-prod","airbyte","pod-source-postgres-read-8748-0-npget","relay-stdout","docker.io","docker.io/alpine/socat:1.7.4.3-r0",58,3,40,24,0,0,0
"Success","Jan 4, 2024, 8:46:40 AM","vdb-core-digital-k8s-prod","airbyte","pod-postgres-discover-ceae81ab-d7d9-42fb-b79f-993e6e7d0ca5-0-mcida","relay-stdout","docker.io","docker.io/alpine/socat:1.7.4.3-r0",58,3,40,24,0,0,0
"Success","Jan 4, 2024, 8:46:41 AM","vdb-core-digital-k8s-prod","airbyte","pod-postgres-discover-ceae81ab-d7d9-42fb-b79f-993e6e7d0ca5-0-mcida","relay-stderr","docker.io","docker.io/alpine/socat:1.7.4.3-r0",58,3,40,24,0,0,0
"Success","Jan 4, 2024, 6:30:22 AM","vdb-core-digital-k8s-prod","airbyte","pod-destination-snowflake-write-8742-0-uviip","relay-stderr","docker.io","docker.io/alpine/socat:1.7.4.3-r0",58,3,40,24,0,0,0
"Success","Jan 4, 2024, 6:30:21 AM","vdb-core-digital-k8s-prod","airbyte","pod-destination-snowflake-write-8742-0-uviip","relay-stdout","docker.io","docker.io/alpine/socat:1.7.4.3-r0",58,3,40,24,0,0,0
"Success","Jan 4, 2024, 6:30:21 AM","vdb-core-digital-k8s-prod","airbyte","pod-destination-snowflake-write-8742-0-uviip","remote-stdin","docker.io","docker.io/alpine/socat:1.7.4.3-r0",58,3,40,24,0,0,0
"Success","Jan 4, 2024, 5:53:29 AM","vdb-core-digital-k8s-prod","airbyte","pod-destination-snowflake-write-8740-0-nbcgx","relay-stderr","docker.io","docker.io/alpine/socat:1.7.4.3-r0",58,3,40,24,0,0,0
"Success","Jan 4, 2024, 5:53:28 AM","vdb-core-digital-k8s-prod","airbyte","pod-destination-snowflake-write-8740-0-nbcgx","remote-stdin","docker.io","docker.io/alpine/socat:1.7.4.3-r0",58,3,40,24,0,0,0
"Success","Jan 4, 2024, 5:53:28 AM","vdb-core-digital-k8s-prod","airbyte","pod-destination-snowflake-write-8740-0-nbcgx","relay-stdout","docker.io","docker.io/alpine/socat:1.7.4.3-r0",58,3,40,24,0,0,0
"Success","Jan 3, 2024, 11:44:02 PM","vdb-core-digital-k8s-prod","airbyte","pod-destination-snowflake-write-8726-0-knimr","relay-stdout","docker.io","docker.io/alpine/socat:1.7.4.3-r0",58,3,40,24,0,0,0
"Success","Jan 3, 2024, 11:44:01 PM","vdb-core-digital-k8s-prod","airbyte","pod-destination-snowflake-write-8726-0-knimr","remote-stdin","docker.io","docker.io/alpine/socat:1.7.4.3-r0",58,3,40,24,0,0,0
"Success","Jan 3, 2024, 11:44:03 PM","vdb-core-digital-k8s-prod","airbyte","pod-destination-snowflake-write-8726-0-knimr","relay-stderr","docker.io","docker.io/alpine/socat:1.7.4.3-r0",58,3,40,24,0,0,0
"Success","Jan 3, 2024, 10:53:21 PM","vdb-core-digital-k8s-prod","airbyte","pod-source-postgres-read-8725-0-ntxmv","relay-stderr","docker.io","docker.io/alpine/socat:1.7.4.3-r0",58,3,40,24,0,0,0
"Success","Jan 3, 2024, 10:53:20 PM","vdb-core-digital-k8s-prod","airbyte","pod-source-postgres-read-8725-0-ntxmv","relay-stdout","docker.io","docker.io/alpine/socat:1.7.4.3-r0",58,3,40,24,0,0,0
"Success","Jan 4, 2024, 6:30:28 AM","vdb-core-digital-k8s-prod","airbyte","pod-source-s3-read-8742-0-moyss","main","docker.io","docker.io/airbyte/source-s3:4.3.0",56,2,13,46,13,115,5
"Success","Jan 4, 2024, 9:22:49 AM","vdb-core-digital-k8s-prod","jupyterhub","pod-jupyter-jeroen-20van-20rooij","notebook","docker.io","docker.io/vandebron/pyspark-notebook:e20274919904",43,167,457,1366,409,79,0
"Success","Jan 4, 2024, 10:03:17 AM","vdb-core-digital-k8s-prod","jupyterhub","pod-jupyter-tim-20weelinck","notebook","docker.io","docker.io/vandebron/pyspark-notebook:e20274919904",43,167,457,1366,409,79,0
"Success","Jan 4, 2024, 9:53:37 AM","vdb-core-digital-k8s-prod","jupyterhub","pod-jupyter-femke-20sch-c3-bcrmann","notebook","docker.io","docker.io/vandebron/pyspark-notebook:e20274919904",43,167,457,1366,409,79,0
"Success","Jan 4, 2024, 8:45:49 AM","vdb-core-digital-k8s-prod","p4-data-processing","statefulset-p4-legacy-postgres","postgres-util","quay.io","quay.io/ongres/postgres-util:v15.5-build-6.29",41,5,15,56,289,0,5
"Success","Jan 4, 2024, 1:41:53 PM","vdb-core-digital-k8s-prod","cattle-monitoring-system","daemonset-promtail","promtail","docker.io","docker.io/grafana/promtail:2.7.4",40,2,30,41,8,66,3
"Success","Jan 4, 2024, 8:40:47 AM","vdb-core-digital-k8s-prod","keycloak","statefulset-keycloak-redis-cluster","keycloak-redis-cluster","docker.io","docker.io/bitnami/redis-cluster:7.2.3",37,4,7,15,10,61,3
"Success","Jan 4, 2024, 8:43:45 AM","vdb-core-digital-k8s-prod","pelican-ecedo","statefulset-pelican-ecedo-redis-cluster","pelican-ecedo-redis-cluster","docker.io","docker.io/bitnami/redis-cluster:7.2.3",37,4,7,15,10,61,3
"Success","Jan 4, 2024, 8:39:23 AM","vdb-core-digital-k8s-prod","kong","deployment-kong-api-gateway","proxy","docker.io","docker.io/library/kong:3.3",34,0,11,82,62,15,0
"Success","Jan 4, 2024, 2:43:30 PM","vdb-core-digital-k8s-prod","airbyte","pod-source-postgres-read-8761-0-tpqkt","call-heartbeat-server","docker.io","docker.io/curlimages/curl:7.83.1",31,4,14,18,0,0,0
"Success","Jan 4, 2024, 1:43:12 PM","vdb-core-digital-k8s-prod","airbyte","pod-destination-snowflake-write-8759-0-txmhp","call-heartbeat-server","docker.io","docker.io/curlimages/curl:7.83.1",31,4,14,18,0,0,0
"Success","Jan 4, 2024, 12:53:48 PM","vdb-core-digital-k8s-prod","airbyte","pod-destination-snowflake-write-8758-0-lxruq","call-heartbeat-server","docker.io","docker.io/curlimages/curl:7.83.1",31,4,14,18,0,0,0
"Success","Jan 4, 2024, 11:37:28 AM","vdb-core-digital-k8s-prod","airbyte","pod-source-google-sheets-read-8754-0-tbalq","call-heartbeat-server","docker.io","docker.io/curlimages/curl:7.83.1",31,4,14,18,0,0,0
"Success","Jan 4, 2024, 11:37:33 AM","vdb-core-digital-k8s-prod","airbyte","pod-destination-snowflake-write-8754-0-jwtbw","call-heartbeat-server","docker.io","docker.io/curlimages/curl:7.83.1",31,4,14,18,0,0,0
"Success","Jan 4, 2024, 8:46:51 AM","vdb-core-digital-k8s-prod","airbyte","pod-source-postgres-read-8748-0-npget","call-heartbeat-server","docker.io","docker.io/curlimages/curl:7.83.1",31,4,14,18,0,0,0
"Success","Jan 4, 2024, 8:46:42 AM","vdb-core-digital-k8s-prod","airbyte","pod-postgres-discover-ceae81ab-d7d9-42fb-b79f-993e6e7d0ca5-0-mcida","call-heartbeat-server","docker.io","docker.io/curlimages/curl:7.83.1",31,4,14,18,0,0,0
"Success","Jan 4, 2024, 6:30:22 AM","vdb-core-digital-k8s-prod","airbyte","pod-destination-snowflake-write-8742-0-uviip","call-heartbeat-server","docker.io","docker.io/curlimages/curl:7.83.1",31,4,14,18,0,0,0
"Success","Jan 4, 2024, 5:53:29 AM","vdb-core-digital-k8s-prod","airbyte","pod-destination-snowflake-write-8740-0-nbcgx","call-heartbeat-server","docker.io","docker.io/curlimages/curl:7.83.1",31,4,14,18,0,0,0
"Success","Jan 3, 2024, 11:44:03 PM","vdb-core-digital-k8s-prod","airbyte","pod-destination-snowflake-write-8726-0-knimr","call-heartbeat-server","docker.io","docker.io/curlimages/curl:7.83.1",31,4,14,18,0,0,0
"Success","Jan 3, 2024, 10:53:23 PM","vdb-core-digital-k8s-prod","airbyte","pod-source-postgres-read-8725-0-ntxmv","call-heartbeat-server","docker.io","docker.io/curlimages/curl:7.83.1",31,4,14,18,0,0,0
"Success","Jan 4, 2024, 4:23:21 PM","vdb-core-digital-k8s-prod","salesforce-middleware","statefulset-salesforce-middleware-postgres","pgbouncer","quay.io","quay.io/ongres/pgbouncer:v1.21.0-build-6.29",30,3,0,27,63,0,2
"Success","Jan 4, 2024, 4:22:57 PM","vdb-core-digital-k8s-prod","trading-cbp-manager","statefulset-trading-cbp-manager-postgres","pgbouncer","quay.io","quay.io/ongres/pgbouncer:v1.21.0-build-6.29",30,3,0,27,63,0,2
"Success","Jan 4, 2024, 4:22:52 PM","vdb-core-digital-k8s-prod","central-asset-store","statefulset-central-asset-store-postgres","pgbouncer","quay.io","quay.io/ongres/pgbouncer:v1.21.0-build-6.29",30,3,0,27,63,0,2
"Success","Jan 4, 2024, 4:23:26 PM","vdb-core-digital-k8s-prod","public-api-vpp","statefulset-public-api-vpp-postgres","pgbouncer","quay.io","quay.io/ongres/pgbouncer:v1.21.0-build-6.29",30,3,0,27,63,0,2
"Success","Jan 4, 2024, 4:23:07 PM","vdb-core-digital-k8s-prod","trading-cbp-message-store","statefulset-trading-cbp-message-store-postgres","pgbouncer","quay.io","quay.io/ongres/pgbouncer:v1.21.0-build-6.29",30,3,0,27,63,0,2
"Success","Jan 4, 2024, 4:23:11 PM","vdb-core-digital-k8s-prod","curtailment-volumes-api","statefulset-curtailment-volumes-api-postgres","pgbouncer","quay.io","quay.io/ongres/pgbouncer:v1.21.0-build-6.29",30,3,0,27,63,0,2
"Success","Jan 4, 2024, 4:23:16 PM","vdb-core-digital-k8s-prod","trade-store-api","statefulset-trade-store-api-postgres","pgbouncer","quay.io","quay.io/ongres/pgbouncer:v1.21.0-build-6.29",30,3,0,27,63,0,2
"Success","Jan 4, 2024, 4:23:02 PM","vdb-core-digital-k8s-prod","p4-data-processing","statefulset-p4-data-processing-postgres","pgbouncer","quay.io","quay.io/ongres/pgbouncer:v1.21.0-build-6.29",30,3,0,27,63,0,2
"Success","Jan 4, 2024, 4:22:43 PM","vdb-core-digital-k8s-prod","lightdash","statefulset-lightdash-postgres","pgbouncer","quay.io","quay.io/ongres/pgbouncer:v1.21.0-build-6.29",30,3,0,27,63,0,2
"Success","Jan 4, 2024, 4:22:34 PM","vdb-core-digital-k8s-prod","poolagent","statefulset-poolagent-postgres","pgbouncer","quay.io","quay.io/ongres/pgbouncer:v1.21.0-build-6.29",30,3,0,27,63,0,2
"Success","Jan 4, 2024, 4:22:03 PM","vdb-core-digital-k8s-prod","calculate-position-data","statefulset-calculate-position-data-postgres","pgbouncer","quay.io","quay.io/ongres/pgbouncer:v1.21.0-build-6.29",30,3,0,27,63,0,2
"Success","Jan 4, 2024, 4:21:30 PM","vdb-core-digital-k8s-prod","dagster","statefulset-dagster-postgres","pgbouncer","quay.io","quay.io/ongres/pgbouncer:v1.21.0-build-6.29",30,3,0,27,63,0,2
"Success","Jan 4, 2024, 4:21:58 PM","vdb-core-digital-k8s-prod","charge-session-agent","statefulset-charge-session-agent-postgres","pgbouncer","quay.io","quay.io/ongres/pgbouncer:v1.21.0-build-6.29",30,3,0,27,63,0,2
"Success","Jan 4, 2024, 4:22:11 PM","vdb-core-digital-k8s-prod","energy-asset-volumes","statefulset-energy-asset-volumes-postgres","pgbouncer","quay.io","quay.io/ongres/pgbouncer:v1.21.0-build-6.29",30,3,0,27,63,0,2
"Success","Jan 4, 2024, 4:22:23 PM","vdb-core-digital-k8s-prod","curtailment-fleet","statefulset-curtailment-fleet-postgres","pgbouncer","quay.io","quay.io/ongres/pgbouncer:v1.21.0-build-6.29",30,3,0,27,63,0,2
"Success","Jan 4, 2024, 4:22:19 PM","vdb-core-digital-k8s-prod","curtailment-audit","statefulset-curtailment-audit-postgres","pgbouncer","quay.io","quay.io/ongres/pgbouncer:v1.21.0-build-6.29",30,3,0,27,63,0,2
"Success","Jan 4, 2024, 4:22:28 PM","vdb-core-digital-k8s-prod","tennet-imbalance-prices","statefulset-tennet-imbalance-prices-postgres","pgbouncer","quay.io","quay.io/ongres/pgbouncer:v1.21.0-build-6.29",30,3,0,27,63,0,2
"Success","Jan 4, 2024, 4:22:15 PM","vdb-core-digital-k8s-prod","vdb-services","statefulset-energyconsumers-postgres","pgbouncer","quay.io","quay.io/ongres/pgbouncer:v1.21.0-build-6.29",30,3,0,27,63,0,2
"Success","Jan 4, 2024, 4:22:36 PM","vdb-core-digital-k8s-prod","producers","statefulset-producers-postgres","pgbouncer","quay.io","quay.io/ongres/pgbouncer:v1.21.0-build-6.29",30,3,0,27,63,0,2
"Success","Jan 4, 2024, 4:21:31 PM","vdb-core-digital-k8s-prod","production-correction","statefulset-production-correction-postgres","pgbouncer","quay.io","quay.io/ongres/pgbouncer:v1.21.0-build-6.29",30,3,0,27,63,0,2
"Success","Jan 4, 2024, 4:21:25 PM","vdb-core-digital-k8s-prod","eprogram-timeseries-service","statefulset-eprogram-timeseries-service-postgres","pgbouncer","quay.io","quay.io/ongres/pgbouncer:v1.21.0-build-6.29",30,3,0,27,63,0,2
"Success","Jan 4, 2024, 4:21:43 PM","vdb-core-digital-k8s-prod","curtailment-billing","statefulset-curtailment-billing-postgres","pgbouncer","quay.io","quay.io/ongres/pgbouncer:v1.21.0-build-6.29",30,3,0,27,63,0,2
"Success","Jan 4, 2024, 4:21:48 PM","vdb-core-digital-k8s-prod","telemetry-allocation-api","statefulset-telemetry-allocation-api-postgres","pgbouncer","quay.io","quay.io/ongres/pgbouncer:v1.21.0-build-6.29",30,3,0,27,63,0,2
"Success","Jan 4, 2024, 4:21:53 PM","vdb-core-digital-k8s-prod","ocpp-communication","statefulset-ocpp-communication-postgres","pgbouncer","quay.io","quay.io/ongres/pgbouncer:v1.21.0-build-6.29",30,3,0,27,63,0,2
"Success","Jan 4, 2024, 4:21:39 PM","vdb-core-digital-k8s-prod","flex-optimizer","statefulset-flex-optimizer-postgres","pgbouncer","quay.io","quay.io/ongres/pgbouncer:v1.21.0-build-6.29",30,3,0,27,63,0,2
"Success","Jan 4, 2024, 4:09:16 PM","vdb-core-digital-k8s-prod","bucketing-service","statefulset-bucketing-service-postgres","pgbouncer","quay.io","quay.io/ongres/pgbouncer:v1.21.0-build-6.29",30,3,0,27,63,0,2
"Success","Jan 4, 2024, 3:56:45 PM","vdb-core-digital-k8s-prod","asset-reservations","statefulset-asset-reservations-postgres","pgbouncer","quay.io","quay.io/ongres/pgbouncer:v1.21.0-build-6.29",30,3,0,27,63,0,2
"Success","Jan 4, 2024, 3:31:58 PM","vdb-core-digital-k8s-prod","battery-agent","statefulset-battery-agent-postgres","pgbouncer","quay.io","quay.io/ongres/pgbouncer:v1.21.0-build-6.29",30,3,0,27,63,0,2
"Success","Jan 4, 2024, 3:32:02 PM","vdb-core-digital-k8s-prod","batterypack","statefulset-batterypack-postgres","pgbouncer","quay.io","quay.io/ongres/pgbouncer:v1.21.0-build-6.29",30,3,0,27,63,0,2
"Success","Jan 4, 2024, 1:28:38 PM","vdb-core-digital-k8s-prod","airbyte","statefulset-airbyte-postgres","pgbouncer","quay.io","quay.io/ongres/pgbouncer:v1.21.0-build-6.29",30,3,0,27,63,0,2
"Success","Jan 4, 2024, 8:40:36 AM","vdb-core-digital-k8s-prod","weather-data","statefulset-weather-data-postgres","pgbouncer","quay.io","quay.io/ongres/pgbouncer:v1.21.0-build-6.29",30,3,0,27,63,0,2
"Success","Jan 4, 2024, 8:45:53 AM","vdb-core-digital-k8s-prod","ellert-p4-postgres","statefulset-ellert-p4-postgres-postgres","pgbouncer","quay.io","quay.io/ongres/pgbouncer:v1.21.0-build-6.29",30,3,0,27,63,0,2
"Success","Jan 4, 2024, 8:45:48 AM","vdb-core-digital-k8s-prod","p4-data-processing","statefulset-p4-legacy-postgres","pgbouncer","quay.io","quay.io/ongres/pgbouncer:v1.21.0-build-6.29",30,3,0,27,63,0,2
"Success","Jan 4, 2024, 8:38:25 AM","vdb-core-digital-k8s-prod","asset-compliance","statefulset-asset-compliance-postgres","pgbouncer","quay.io","quay.io/ongres/pgbouncer:v1.21.0-build-6.29",30,3,0,27,63,0,2
"Success","Jan 4, 2024, 4:22:58 PM","vdb-core-digital-k8s-prod","trading-cbp-manager","statefulset-trading-cbp-manager-postgres","prometheus-postgres-exporter","quay.io","quay.io/ongres/prometheus-postgres-exporter:v0.12.1-build-6.29",28,4,1,30,63,0,2
"Success","Jan 4, 2024, 4:23:22 PM","vdb-core-digital-k8s-prod","salesforce-middleware","statefulset-salesforce-middleware-postgres","prometheus-postgres-exporter","quay.io","quay.io/ongres/prometheus-postgres-exporter:v0.12.1-build-6.29",28,4,1,30,63,0,2
"Success","Jan 4, 2024, 4:22:53 PM","vdb-core-digital-k8s-prod","central-asset-store","statefulset-central-asset-store-postgres","prometheus-postgres-exporter","quay.io","quay.io/ongres/prometheus-postgres-exporter:v0.12.1-build-6.29",28,4,1,30,63,0,2
"Success","Jan 4, 2024, 4:23:07 PM","vdb-core-digital-k8s-prod","trading-cbp-message-store","statefulset-trading-cbp-message-store-postgres","prometheus-postgres-exporter","quay.io","quay.io/ongres/prometheus-postgres-exporter:v0.12.1-build-6.29",28,4,1,30,63,0,2
"Success","Jan 4, 2024, 4:23:27 PM","vdb-core-digital-k8s-prod","public-api-vpp","statefulset-public-api-vpp-postgres","prometheus-postgres-exporter","quay.io","quay.io/ongres/prometheus-postgres-exporter:v0.12.1-build-6.29",28,4,1,30,63,0,2
"Success","Jan 4, 2024, 4:23:12 PM","vdb-core-digital-k8s-prod","curtailment-volumes-api","statefulset-curtailment-volumes-api-postgres","prometheus-postgres-exporter","quay.io","quay.io/ongres/prometheus-postgres-exporter:v0.12.1-build-6.29",28,4,1,30,63,0,2
"Success","Jan 4, 2024, 4:23:17 PM","vdb-core-digital-k8s-prod","trade-store-api","statefulset-trade-store-api-postgres","prometheus-postgres-exporter","quay.io","quay.io/ongres/prometheus-postgres-exporter:v0.12.1-build-6.29",28,4,1,30,63,0,2
"Success","Jan 4, 2024, 4:22:15 PM","vdb-core-digital-k8s-prod","vdb-services","statefulset-energyconsumers-postgres","prometheus-postgres-exporter","quay.io","quay.io/ongres/prometheus-postgres-exporter:v0.12.1-build-6.29",28,4,1,30,63,0,2
"Success","Jan 4, 2024, 4:22:43 PM","vdb-core-digital-k8s-prod","lightdash","statefulset-lightdash-postgres","prometheus-postgres-exporter","quay.io","quay.io/ongres/prometheus-postgres-exporter:v0.12.1-build-6.29",28,4,1,30,63,0,2
"Success","Jan 4, 2024, 4:23:04 PM","vdb-core-digital-k8s-prod","p4-data-processing","statefulset-p4-data-processing-postgres","prometheus-postgres-exporter","quay.io","quay.io/ongres/prometheus-postgres-exporter:v0.12.1-build-6.29",28,4,1,30,63,0,2
"Success","Jan 4, 2024, 4:22:38 PM","vdb-core-digital-k8s-prod","producers","statefulset-producers-postgres","prometheus-postgres-exporter","quay.io","quay.io/ongres/prometheus-postgres-exporter:v0.12.1-build-6.29",28,4,1,30,63,0,2
"Success","Jan 4, 2024, 4:22:03 PM","vdb-core-digital-k8s-prod","calculate-position-data","statefulset-calculate-position-data-postgres","prometheus-postgres-exporter","quay.io","quay.io/ongres/prometheus-postgres-exporter:v0.12.1-build-6.29",28,4,1,30,63,0,2
"Success","Jan 4, 2024, 4:21:59 PM","vdb-core-digital-k8s-prod","charge-session-agent","statefulset-charge-session-agent-postgres","prometheus-postgres-exporter","quay.io","quay.io/ongres/prometheus-postgres-exporter:v0.12.1-build-6.29",28,4,1,30,63,0,2
"Success","Jan 4, 2024, 4:22:24 PM","vdb-core-digital-k8s-prod","curtailment-fleet","statefulset-curtailment-fleet-postgres","prometheus-postgres-exporter","quay.io","quay.io/ongres/prometheus-postgres-exporter:v0.12.1-build-6.29",28,4,1,30,63,0,2
"Success","Jan 4, 2024, 4:22:29 PM","vdb-core-digital-k8s-prod","tennet-imbalance-prices","statefulset-tennet-imbalance-prices-postgres","prometheus-postgres-exporter","quay.io","quay.io/ongres/prometheus-postgres-exporter:v0.12.1-build-6.29",28,4,1,30,63,0,2
"Success","Jan 4, 2024, 4:21:32 PM","vdb-core-digital-k8s-prod","dagster","statefulset-dagster-postgres","prometheus-postgres-exporter","quay.io","quay.io/ongres/prometheus-postgres-exporter:v0.12.1-build-6.29",28,4,1,30,63,0,2
"Success","Jan 4, 2024, 4:21:26 PM","vdb-core-digital-k8s-prod","eprogram-timeseries-service","statefulset-eprogram-timeseries-service-postgres","prometheus-postgres-exporter","quay.io","quay.io/ongres/prometheus-postgres-exporter:v0.12.1-build-6.29",28,4,1,30,63,0,2
"Success","Jan 4, 2024, 4:21:44 PM","vdb-core-digital-k8s-prod","curtailment-billing","statefulset-curtailment-billing-postgres","prometheus-postgres-exporter","quay.io","quay.io/ongres/prometheus-postgres-exporter:v0.12.1-build-6.29",28,4,1,30,63,0,2
"Success","Jan 4, 2024, 4:22:35 PM","vdb-core-digital-k8s-prod","poolagent","statefulset-poolagent-postgres","prometheus-postgres-exporter","quay.io","quay.io/ongres/prometheus-postgres-exporter:v0.12.1-build-6.29",28,4,1,30,63,0,2
"Success","Jan 4, 2024, 4:21:39 PM","vdb-core-digital-k8s-prod","flex-optimizer","statefulset-flex-optimizer-postgres","prometheus-postgres-exporter","quay.io","quay.io/ongres/prometheus-postgres-exporter:v0.12.1-build-6.29",28,4,1,30,63,0,2
"Success","Jan 4, 2024, 4:21:49 PM","vdb-core-digital-k8s-prod","telemetry-allocation-api","statefulset-telemetry-allocation-api-postgres","prometheus-postgres-exporter","quay.io","quay.io/ongres/prometheus-postgres-exporter:v0.12.1-build-6.29",28,4,1,30,63,0,2
"Success","Jan 4, 2024, 4:21:54 PM","vdb-core-digital-k8s-prod","ocpp-communication","statefulset-ocpp-communication-postgres","prometheus-postgres-exporter","quay.io","quay.io/ongres/prometheus-postgres-exporter:v0.12.1-build-6.29",28,4,1,30,63,0,2
"Success","Jan 4, 2024, 4:21:33 PM","vdb-core-digital-k8s-prod","production-correction","statefulset-production-correction-postgres","prometheus-postgres-exporter","quay.io","quay.io/ongres/prometheus-postgres-exporter:v0.12.1-build-6.29",28,4,1,30,63,0,2
"Success","Jan 4, 2024, 3:56:46 PM","vdb-core-digital-k8s-prod","asset-reservations","statefulset-asset-reservations-postgres","prometheus-postgres-exporter","quay.io","quay.io/ongres/prometheus-postgres-exporter:v0.12.1-build-6.29",28,4,1,30,63,0,2
"Success","Jan 4, 2024, 4:09:17 PM","vdb-core-digital-k8s-prod","bucketing-service","statefulset-bucketing-service-postgres","prometheus-postgres-exporter","quay.io","quay.io/ongres/prometheus-postgres-exporter:v0.12.1-build-6.29",28,4,1,30,63,0,2
"Success","Jan 4, 2024, 3:32:02 PM","vdb-core-digital-k8s-prod","batterypack","statefulset-batterypack-postgres","prometheus-postgres-exporter","quay.io","quay.io/ongres/prometheus-postgres-exporter:v0.12.1-build-6.29",28,4,1,30,63,0,2
"Success","Jan 4, 2024, 3:31:58 PM","vdb-core-digital-k8s-prod","battery-agent","statefulset-battery-agent-postgres","prometheus-postgres-exporter","quay.io","quay.io/ongres/prometheus-postgres-exporter:v0.12.1-build-6.29",28,4,1,30,63,0,2
"Success","Jan 4, 2024, 1:28:41 PM","vdb-core-digital-k8s-prod","airbyte","statefulset-airbyte-postgres","prometheus-postgres-exporter","quay.io","quay.io/ongres/prometheus-postgres-exporter:v0.12.1-build-6.29",28,4,1,30,63,0,2
"Success","Jan 4, 2024, 8:45:56 AM","vdb-core-digital-k8s-prod","dagster","deployment-ucd-pme-portfolio-management-etl","dagster-user-deployments","bigdataregistry.azurecr.io","bigdataregistry.azurecr.io/portfolio-management-etl:20231228-3316",28,6,19,26,3,0,0
"Success","Jan 4, 2024, 8:38:26 AM","vdb-core-digital-k8s-prod","asset-compliance","statefulset-asset-compliance-postgres","prometheus-postgres-exporter","quay.io","quay.io/ongres/prometheus-postgres-exporter:v0.12.1-build-6.29",28,4,1,30,63,0,2
"Success","Jan 4, 2024, 4:21:34 PM","vdb-core-digital-k8s-prod","dagster","statefulset-dagster-postgres","postgres-util","quay.io","quay.io/ongres/postgres-util:v15.5-build-6.29",24,5,15,56,289,0,5
"Success","Jan 4, 2024, 4:23:18 PM","vdb-core-digital-k8s-prod","trade-store-api","statefulset-trade-store-api-postgres","postgres-util","quay.io","quay.io/ongres/postgres-util:v15.5-build-6.29",24,5,15,56,289,0,5
"Success","Jan 4, 2024, 4:23:08 PM","vdb-core-digital-k8s-prod","trading-cbp-message-store","statefulset-trading-cbp-message-store-postgres","postgres-util","quay.io","quay.io/ongres/postgres-util:v15.5-build-6.29",24,5,15,56,289,0,5
"Success","Jan 4, 2024, 4:22:30 PM","vdb-core-digital-k8s-prod","tennet-imbalance-prices","statefulset-tennet-imbalance-prices-postgres","postgres-util","quay.io","quay.io/ongres/postgres-util:v15.5-build-6.29",24,5,15,56,289,0,5
"Success","Jan 4, 2024, 4:21:26 PM","vdb-core-digital-k8s-prod","eprogram-timeseries-service","statefulset-eprogram-timeseries-service-postgres","postgres-util","quay.io","quay.io/ongres/postgres-util:v15.5-build-6.29",24,5,15,56,289,0,5
"Success","Jan 4, 2024, 4:22:20 PM","vdb-core-digital-k8s-prod","curtailment-audit","statefulset-curtailment-audit-postgres","postgres-util","quay.io","quay.io/ongres/postgres-util:v15.5-build-6.29",24,5,15,56,289,0,5
"Success","Jan 4, 2024, 4:23:27 PM","vdb-core-digital-k8s-prod","public-api-vpp","statefulset-public-api-vpp-postgres","postgres-util","quay.io","quay.io/ongres/postgres-util:v15.5-build-6.29",24,5,15,56,289,0,5
"Success","Jan 4, 2024, 4:22:11 PM","vdb-core-digital-k8s-prod","energy-asset-volumes","statefulset-energy-asset-volumes-postgres","postgres-util","quay.io","quay.io/ongres/postgres-util:v15.5-build-6.29",24,5,15,56,289,0,5
"Success","Jan 4, 2024, 4:22:25 PM","vdb-core-digital-k8s-prod","curtailment-fleet","statefulset-curtailment-fleet-postgres","postgres-util","quay.io","quay.io/ongres/postgres-util:v15.5-build-6.29",24,5,15,56,289,0,5
"Success","Jan 4, 2024, 4:21:40 PM","vdb-core-digital-k8s-prod","flex-optimizer","statefulset-flex-optimizer-postgres","postgres-util","quay.io","quay.io/ongres/postgres-util:v15.5-build-6.29",24,5,15,56,289,0,5
"Success","Jan 4, 2024, 4:21:35 PM","vdb-core-digital-k8s-prod","production-correction","statefulset-production-correction-postgres","postgres-util","quay.io","quay.io/ongres/postgres-util:v15.5-build-6.29",24,5,15,56,289,0,5
"Success","Jan 4, 2024, 4:22:59 PM","vdb-core-digital-k8s-prod","trading-cbp-manager","statefulset-trading-cbp-manager-postgres","postgres-util","quay.io","quay.io/ongres/postgres-util:v15.5-build-6.29",24,5,15,56,289,0,5
"Success","Jan 4, 2024, 4:22:44 PM","vdb-core-digital-k8s-prod","lightdash","statefulset-lightdash-postgres","postgres-util","quay.io","quay.io/ongres/postgres-util:v15.5-build-6.29",24,5,15,56,289,0,5
"Success","Jan 4, 2024, 4:22:54 PM","vdb-core-digital-k8s-prod","central-asset-store","statefulset-central-asset-store-postgres","postgres-util","quay.io","quay.io/ongres/postgres-util:v15.5-build-6.29",24,5,15,56,289,0,5
"Success","Jan 4, 2024, 4:22:37 PM","vdb-core-digital-k8s-prod","poolagent","statefulset-poolagent-postgres","postgres-util","quay.io","quay.io/ongres/postgres-util:v15.5-build-6.29",24,5,15,56,289,0,5
"Success","Jan 4, 2024, 4:22:16 PM","vdb-core-digital-k8s-prod","vdb-services","statefulset-energyconsumers-postgres","postgres-util","quay.io","quay.io/ongres/postgres-util:v15.5-build-6.29",24,5,15,56,289,0,5
"Success","Jan 4, 2024, 4:23:23 PM","vdb-core-digital-k8s-prod","salesforce-middleware","statefulset-salesforce-middleware-postgres","postgres-util","quay.io","quay.io/ongres/postgres-util:v15.5-build-6.29",24,5,15,56,289,0,5
"Success","Jan 4, 2024, 4:23:13 PM","vdb-core-digital-k8s-prod","curtailment-volumes-api","statefulset-curtailment-volumes-api-postgres","postgres-util","quay.io","quay.io/ongres/postgres-util:v15.5-build-6.29",24,5,15,56,289,0,5
"Success","Jan 4, 2024, 4:21:50 PM","vdb-core-digital-k8s-prod","telemetry-allocation-api","statefulset-telemetry-allocation-api-postgres","postgres-util","quay.io","quay.io/ongres/postgres-util:v15.5-build-6.29",24,5,15,56,289,0,5
"Success","Jan 4, 2024, 4:22:04 PM","vdb-core-digital-k8s-prod","calculate-position-data","statefulset-calculate-position-data-postgres","postgres-util","quay.io","quay.io/ongres/postgres-util:v15.5-build-6.29",24,5,15,56,289,0,5
"Success","Jan 4, 2024, 4:21:59 PM","vdb-core-digital-k8s-prod","charge-session-agent","statefulset-charge-session-agent-postgres","postgres-util","quay.io","quay.io/ongres/postgres-util:v15.5-build-6.29",24,5,15,56,289,0,5
"Success","Jan 4, 2024, 4:21:55 PM","vdb-core-digital-k8s-prod","ocpp-communication","statefulset-ocpp-communication-postgres","postgres-util","quay.io","quay.io/ongres/postgres-util:v15.5-build-6.29",24,5,15,56,289,0,5
"Success","Jan 4, 2024, 4:22:39 PM","vdb-core-digital-k8s-prod","producers","statefulset-producers-postgres","postgres-util","quay.io","quay.io/ongres/postgres-util:v15.5-build-6.29",24,5,15,56,289,0,5
"Success","Jan 4, 2024, 4:09:18 PM","vdb-core-digital-k8s-prod","bucketing-service","statefulset-bucketing-service-postgres","postgres-util","quay.io","quay.io/ongres/postgres-util:v15.5-build-6.29",24,5,15,56,289,0,5
"Success","Jan 4, 2024, 4:10:27 PM","vdb-core-digital-k8s-prod","curtailment-billing","statefulset-curtailment-billing-postgres","postgres-util","quay.io","quay.io/ongres/postgres-util:v15.5-build-6.29",24,5,15,56,289,0,5
"Success","Jan 4, 2024, 4:09:13 PM","vdb-core-digital-k8s-prod","p4-data-processing","statefulset-p4-data-processing-postgres","postgres-util","quay.io","quay.io/ongres/postgres-util:v15.5-build-6.29",24,5,15,56,289,0,5
"Success","Jan 4, 2024, 3:56:47 PM","vdb-core-digital-k8s-prod","asset-reservations","statefulset-asset-reservations-postgres","postgres-util","quay.io","quay.io/ongres/postgres-util:v15.5-build-6.29",24,5,15,56,289,0,5
"Success","Jan 4, 2024, 3:32:03 PM","vdb-core-digital-k8s-prod","batterypack","statefulset-batterypack-postgres","postgres-util","quay.io","quay.io/ongres/postgres-util:v15.5-build-6.29",24,5,15,56,289,0,5
"Success","Jan 4, 2024, 3:32:00 PM","vdb-core-digital-k8s-prod","battery-agent","statefulset-battery-agent-postgres","postgres-util","quay.io","quay.io/ongres/postgres-util:v15.5-build-6.29",24,5,15,56,289,0,5
"Success","Jan 4, 2024, 1:28:42 PM","vdb-core-digital-k8s-prod","airbyte","statefulset-airbyte-postgres","postgres-util","quay.io","quay.io/ongres/postgres-util:v15.5-build-6.29",24,5,15,56,289,0,5
"Success","Jan 4, 2024, 8:40:37 AM","vdb-core-digital-k8s-prod","weather-data","statefulset-weather-data-postgres","postgres-util","quay.io","quay.io/ongres/postgres-util:v15.5-build-6.29",24,5,15,56,289,0,5
"Success","Jan 4, 2024, 8:45:54 AM","vdb-core-digital-k8s-prod","ellert-p4-postgres","statefulset-ellert-p4-postgres-postgres","postgres-util","quay.io","quay.io/ongres/postgres-util:v15.5-build-6.29",24,5,15,56,289,0,5
"Success","Jan 4, 2024, 8:38:27 AM","vdb-core-digital-k8s-prod","asset-compliance","statefulset-asset-compliance-postgres","postgres-util","quay.io","quay.io/ongres/postgres-util:v15.5-build-6.29",24,5,15,56,289,0,5
"Success","Jan 4, 2024, 8:40:59 AM","vdb-core-digital-k8s-prod","cassandra","pod-cqlsh--29792","cqlsh--29792","docker.io","docker.io/library/cassandra:3.11.16",23,1,28,45,16,4,0
"Success","Jan 4, 2024, 8:41:30 AM","vdb-core-digital-k8s-prod","cassandra","pod-cqlsh--7513","cqlsh--7513","docker.io","docker.io/library/cassandra:3.11.16",23,1,28,45,16,4,0
"Success","Jan 4, 2024, 8:41:49 AM","vdb-core-digital-k8s-prod","cassandra","pod-cqlsh--25802","cqlsh--25802","docker.io","docker.io/library/cassandra:3.11.16",23,1,28,45,16,4,0
"Success","Jan 4, 2024, 9:01:30 AM","vdb-core-digital-k8s-prod","jupyterhub","pod-jupyter-lorena-20yunes-20arriaga","notebook","docker.io","docker.io/vandebron/pyspark-notebook:a20231115",23,0,2,54,69,23,0
"Success","Jan 4, 2024, 3:59:27 PM","vdb-core-digital-k8s-prod","jupyterhub","pod-jupyter-camille-20mijs","notebook","docker.io","docker.io/vandebron/pyspark-notebook:a20231115",18,0,2,54,69,23,0
"Success","Jan 4, 2024, 8:45:04 AM","vdb-core-digital-k8s-prod","kube-system","deployment-coredns","coredns","docker.io","docker.io/rancher/mirrored-coredns-coredns:1.9.4",13,0,6,7,0,0,0
"Success","Jan 4, 2024, 8:40:58 AM","vdb-core-digital-k8s-prod","bucketing-service","deployment-bucketingservice","service","bigdataregistry.azurecr.io","bigdataregistry.azurecr.io/bucketingservice:20231205-12012",12,0,0,9,17,4,0
"Success","Jan 4, 2024, 8:41:43 AM","vdb-core-digital-k8s-prod","energy-asset-volumes","deployment-energyassetvolumes","energyassetvolumes","bigdataregistry.azurecr.io","bigdataregistry.azurecr.io/energyassetvolumes:20231110-11977",12,0,0,17,23,4,0
"Success","Jan 4, 2024, 8:42:53 AM","vdb-core-digital-k8s-prod","batterypack","deployment-pepactor","service","bigdataregistry.azurecr.io","bigdataregistry.azurecr.io/pepactor:20231204-12511",12,0,0,9,17,4,0
"Success","Jan 4, 2024, 8:46:24 AM","vdb-core-digital-k8s-prod","kube-system","daemonset-ebs-csi-node","liveness-probe","k8s.gcr.io","k8s.gcr.io/sig-storage/livenessprobe:v2.6.0",12,0,8,4,0,0,0
"Success","Jan 4, 2024, 8:45:04 AM","vdb-core-digital-k8s-prod","curtailment-fleet","deployment-curtailmentfleet","service","bigdataregistry.azurecr.io","bigdataregistry.azurecr.io/curtailmentfleet:20231215-12680",12,0,0,9,17,4,0
"Success","Jan 4, 2024, 8:38:29 AM","vdb-core-digital-k8s-prod","cattle-monitoring-system","statefulset-loki","loki","docker.io","docker.io/grafana/loki:2.8.0",12,0,8,21,1,0,0
"Success","Jan 4, 2024, 8:46:24 AM","vdb-core-digital-k8s-prod","kube-system","daemonset-ebs-csi-node","node-driver-registrar","k8s.gcr.io","k8s.gcr.io/sig-storage/csi-node-driver-registrar:v2.5.1",11,0,7,4,0,0,0
"Success","Jan 4, 2024, 8:43:00 AM","vdb-core-digital-k8s-prod","kubescape","deployment-kubescape","kubescape","quay.io","quay.io/kubescape/kubescape:v3.0.2-prerelease",9,0,3,5,1,0,0
"Success","Jan 4, 2024, 8:44:50 AM","vdb-core-digital-k8s-prod","dagster","deployment-ucd-etp-etp","dagster-user-deployments","bigdataregistry.azurecr.io","bigdataregistry.azurecr.io/etp:20231223-3315",9,6,23,24,6,0,0
"Success","Jan 4, 2024, 8:46:10 AM","vdb-core-digital-k8s-prod","kubescape","deployment-storage","apiserver","quay.io","quay.io/kubescape/storage:v0.0.39",8,0,3,5,0,0,0
"Success","Jan 4, 2024, 8:45:09 AM","vdb-core-digital-k8s-prod","kube-system","daemonset-efs-csi-node","liveness-probe","public.ecr.aws","public.ecr.aws/eks-distro/kubernetes-csi/livenessprobe:v2.8.0-eks-1-23-8",7,0,7,3,0,0,0
"Success","Jan 4, 2024, 8:44:59 AM","vdb-core-digital-k8s-prod","kubescape","daemonset-host-scanner","host-sensor","quay.io","quay.io/kubescape/host-scanner:v1.0.66",6,0,3,3,0,0,0
"Success","Jan 4, 2024, 4:23:14 PM","vdb-core-digital-k8s-prod","curtailment-volumes-api","statefulset-curtailment-volumes-api-postgres","cluster-controller","quay.io","quay.io/stackgres/cluster-controller:1.6.1",4,0,2,18,19,0,2
"Success","Jan 4, 2024, 4:23:23 PM","vdb-core-digital-k8s-prod","salesforce-middleware","statefulset-salesforce-middleware-postgres","cluster-controller","quay.io","quay.io/stackgres/cluster-controller:1.6.1",4,0,2,18,19,0,2
"Success","Jan 4, 2024, 4:23:06 PM","vdb-core-digital-k8s-prod","trading-cbp-message-store","statefulset-trading-cbp-message-store-postgres","envoy","quay.io","quay.io/ongres/envoy:v1.24.12-build-6.29",4,4,0,27,63,0,2
"Success","Jan 4, 2024, 4:23:25 PM","vdb-core-digital-k8s-prod","public-api-vpp","statefulset-public-api-vpp-postgres","envoy","quay.io","quay.io/ongres/envoy:v1.24.12-build-6.29",4,4,0,27,63,0,2
"Success","Jan 4, 2024, 4:23:20 PM","vdb-core-digital-k8s-prod","salesforce-middleware","statefulset-salesforce-middleware-postgres","envoy","quay.io","quay.io/ongres/envoy:v1.24.12-build-6.29",4,4,0,27,63,0,2
"Success","Jan 4, 2024, 4:23:11 PM","vdb-core-digital-k8s-prod","curtailment-volumes-api","statefulset-curtailment-volumes-api-postgres","envoy","quay.io","quay.io/ongres/envoy:v1.24.12-build-6.29",4,4,0,27,63,0,2
"Success","Jan 4, 2024, 4:23:28 PM","vdb-core-digital-k8s-prod","public-api-vpp","statefulset-public-api-vpp-postgres","cluster-controller","quay.io","quay.io/stackgres/cluster-controller:1.6.1",4,0,2,18,19,0,2
"Success","Jan 4, 2024, 4:23:15 PM","vdb-core-digital-k8s-prod","trade-store-api","statefulset-trade-store-api-postgres","envoy","quay.io","quay.io/ongres/envoy:v1.24.12-build-6.29",4,4,0,27,63,0,2
"Success","Jan 4, 2024, 4:23:01 PM","vdb-core-digital-k8s-prod","p4-data-processing","statefulset-p4-data-processing-postgres","envoy","quay.io","quay.io/ongres/envoy:v1.24.12-build-6.29",4,4,0,27,63,0,2
"Success","Jan 4, 2024, 4:23:19 PM","vdb-core-digital-k8s-prod","trade-store-api","statefulset-trade-store-api-postgres","cluster-controller","quay.io","quay.io/stackgres/cluster-controller:1.6.1",4,0,2,18,19,0,2
"Success","Jan 4, 2024, 4:23:04 PM","vdb-core-digital-k8s-prod","p4-data-processing","statefulset-p4-data-processing-postgres","cluster-controller","quay.io","quay.io/stackgres/cluster-controller:1.6.1",4,0,2,18,19,0,2
"Success","Jan 4, 2024, 4:22:59 PM","vdb-core-digital-k8s-prod","trading-cbp-manager","statefulset-trading-cbp-manager-postgres","cluster-controller","quay.io","quay.io/stackgres/cluster-controller:1.6.1",4,0,2,18,19,0,2
"Success","Jan 4, 2024, 4:22:31 PM","vdb-core-digital-k8s-prod","tennet-imbalance-prices","statefulset-tennet-imbalance-prices-postgres","cluster-controller","quay.io","quay.io/stackgres/cluster-controller:1.6.1",4,0,2,18,19,0,2
"Success","Jan 4, 2024, 4:22:14 PM","vdb-core-digital-k8s-prod","vdb-services","statefulset-energyconsumers-postgres","envoy","quay.io","quay.io/ongres/envoy:v1.24.12-build-6.29",4,4,0,27,63,0,2
"Success","Jan 4, 2024, 4:22:26 PM","vdb-core-digital-k8s-prod","curtailment-fleet","statefulset-curtailment-fleet-postgres","cluster-controller","quay.io","quay.io/stackgres/cluster-controller:1.6.1",4,0,2,18,19,0,2
"Success","Jan 4, 2024, 4:22:56 PM","vdb-core-digital-k8s-prod","trading-cbp-manager","statefulset-trading-cbp-manager-postgres","envoy","quay.io","quay.io/ongres/envoy:v1.24.12-build-6.29",4,4,0,27,63,0,2
"Success","Jan 4, 2024, 4:22:55 PM","vdb-core-digital-k8s-prod","central-asset-store","statefulset-central-asset-store-postgres","cluster-controller","quay.io","quay.io/stackgres/cluster-controller:1.6.1",4,0,2,18,19,0,2
"Success","Jan 4, 2024, 4:22:21 PM","vdb-core-digital-k8s-prod","curtailment-audit","statefulset-curtailment-audit-postgres","cluster-controller","quay.io","quay.io/stackgres/cluster-controller:1.6.1",4,0,2,18,19,0,2
"Success","Jan 4, 2024, 4:22:02 PM","vdb-core-digital-k8s-prod","calculate-position-data","statefulset-calculate-position-data-postgres","envoy","quay.io","quay.io/ongres/envoy:v1.24.12-build-6.29",4,4,0,27,63,0,2
"Success","Jan 4, 2024, 4:22:39 PM","vdb-core-digital-k8s-prod","poolagent","statefulset-poolagent-postgres","cluster-controller","quay.io","quay.io/stackgres/cluster-controller:1.6.1",4,0,2,18,19,0,2
"Success","Jan 4, 2024, 4:21:47 PM","vdb-core-digital-k8s-prod","telemetry-allocation-api","statefulset-telemetry-allocation-api-postgres","envoy","quay.io","quay.io/ongres/envoy:v1.24.12-build-6.29",4,4,0,27,63,0,2
"Success","Jan 4, 2024, 4:21:57 PM","vdb-core-digital-k8s-prod","charge-session-agent","statefulset-charge-session-agent-postgres","envoy","quay.io","quay.io/ongres/envoy:v1.24.12-build-6.29",4,4,0,27,63,0,2
"Success","Jan 4, 2024, 4:22:40 PM","vdb-core-digital-k8s-prod","producers","statefulset-producers-postgres","cluster-controller","quay.io","quay.io/stackgres/cluster-controller:1.6.1",4,0,2,18,19,0,2
"Success","Jan 4, 2024, 4:22:17 PM","vdb-core-digital-k8s-prod","vdb-services","statefulset-energyconsumers-postgres","cluster-controller","quay.io","quay.io/stackgres/cluster-controller:1.6.1",4,0,2,18,19,0,2
"Success","Jan 4, 2024, 4:22:42 PM","vdb-core-digital-k8s-prod","lightdash","statefulset-lightdash-postgres","envoy","quay.io","quay.io/ongres/envoy:v1.24.12-build-6.29",4,4,0,27,63,0,2
"Success","Jan 4, 2024, 4:22:23 PM","vdb-core-digital-k8s-prod","curtailment-fleet","statefulset-curtailment-fleet-postgres","envoy","quay.io","quay.io/ongres/envoy:v1.24.12-build-6.29",4,4,0,27,63,0,2
"Success","Jan 4, 2024, 4:22:19 PM","vdb-core-digital-k8s-prod","curtailment-audit","statefulset-curtailment-audit-postgres","envoy","quay.io","quay.io/ongres/envoy:v1.24.12-build-6.29",4,4,0,27,63,0,2
"Success","Jan 4, 2024, 4:22:35 PM","vdb-core-digital-k8s-prod","producers","statefulset-producers-postgres","envoy","quay.io","quay.io/ongres/envoy:v1.24.12-build-6.29",4,4,0,27,63,0,2
"Success","Jan 4, 2024, 4:22:32 PM","vdb-core-digital-k8s-prod","poolagent","statefulset-poolagent-postgres","envoy","quay.io","quay.io/ongres/envoy:v1.24.12-build-6.29",4,4,0,27,63,0,2
"Success","Jan 4, 2024, 4:22:51 PM","vdb-core-digital-k8s-prod","central-asset-store","statefulset-central-asset-store-postgres","envoy","quay.io","quay.io/ongres/envoy:v1.24.12-build-6.29",4,4,0,27,63,0,2
"Success","Jan 4, 2024, 4:23:09 PM","vdb-core-digital-k8s-prod","trading-cbp-message-store","statefulset-trading-cbp-message-store-postgres","cluster-controller","quay.io","quay.io/stackgres/cluster-controller:1.6.1",4,0,2,18,19,0,2
"Success","Jan 4, 2024, 4:22:27 PM","vdb-core-digital-k8s-prod","tennet-imbalance-prices","statefulset-tennet-imbalance-prices-postgres","envoy","quay.io","quay.io/ongres/envoy:v1.24.12-build-6.29",4,4,0,27,63,0,2
"Success","Jan 4, 2024, 4:22:45 PM","vdb-core-digital-k8s-prod","lightdash","statefulset-lightdash-postgres","cluster-controller","quay.io","quay.io/stackgres/cluster-controller:1.6.1",4,0,2,18,19,0,2
"Success","Jan 4, 2024, 4:09:19 PM","vdb-core-digital-k8s-prod","bucketing-service","statefulset-bucketing-service-postgres","cluster-controller","quay.io","quay.io/stackgres/cluster-controller:1.6.1",4,0,2,18,19,0,2
"Success","Jan 4, 2024, 4:09:15 PM","vdb-core-digital-k8s-prod","bucketing-service","statefulset-bucketing-service-postgres","envoy","quay.io","quay.io/ongres/envoy:v1.24.12-build-6.29",4,4,0,27,63,0,2
"Success","Jan 4, 2024, 4:21:36 PM","vdb-core-digital-k8s-prod","production-correction","statefulset-production-correction-postgres","cluster-controller","quay.io","quay.io/stackgres/cluster-controller:1.6.1",4,0,2,18,19,0,2
"Success","Jan 4, 2024, 4:21:52 PM","vdb-core-digital-k8s-prod","ocpp-communication","statefulset-ocpp-communication-postgres","envoy","quay.io","quay.io/ongres/envoy:v1.24.12-build-6.29",4,4,0,27,63,0,2
"Success","Jan 4, 2024, 4:21:43 PM","vdb-core-digital-k8s-prod","curtailment-billing","statefulset-curtailment-billing-postgres","envoy","quay.io","quay.io/ongres/envoy:v1.24.12-build-6.29",4,4,0,27,63,0,2
"Success","Jan 4, 2024, 4:21:35 PM","vdb-core-digital-k8s-prod","dagster","statefulset-dagster-postgres","cluster-controller","quay.io","quay.io/stackgres/cluster-controller:1.6.1",4,0,2,18,19,0,2
"Success","Jan 4, 2024, 4:21:31 PM","vdb-core-digital-k8s-prod","production-correction","statefulset-production-correction-postgres","envoy","quay.io","quay.io/ongres/envoy:v1.24.12-build-6.29",4,4,0,27,63,0,2
"Success","Jan 4, 2024, 4:22:10 PM","vdb-core-digital-k8s-prod","energy-asset-volumes","statefulset-energy-asset-volumes-postgres","envoy","quay.io","quay.io/ongres/envoy:v1.24.12-build-6.29",4,4,0,27,63,0,2
"Success","Jan 4, 2024, 4:22:12 PM","vdb-core-digital-k8s-prod","energy-asset-volumes","statefulset-energy-asset-volumes-postgres","cluster-controller","quay.io","quay.io/stackgres/cluster-controller:1.6.1",4,0,2,18,19,0,2
"Success","Jan 4, 2024, 4:21:28 PM","vdb-core-digital-k8s-prod","dagster","statefulset-dagster-postgres","envoy","quay.io","quay.io/ongres/envoy:v1.24.12-build-6.29",4,4,0,27,63,0,2
"Success","Jan 4, 2024, 4:21:41 PM","vdb-core-digital-k8s-prod","flex-optimizer","statefulset-flex-optimizer-postgres","cluster-controller","quay.io","quay.io/stackgres/cluster-controller:1.6.1",4,0,2,18,19,0,2
"Success","Jan 4, 2024, 4:21:27 PM","vdb-core-digital-k8s-prod","eprogram-timeseries-service","statefulset-eprogram-timeseries-service-postgres","cluster-controller","quay.io","quay.io/stackgres/cluster-controller:1.6.1",4,0,2,18,19,0,2
"Success","Jan 4, 2024, 4:21:25 PM","vdb-core-digital-k8s-prod","eprogram-timeseries-service","statefulset-eprogram-timeseries-service-postgres","envoy","quay.io","quay.io/ongres/envoy:v1.24.12-build-6.29",4,4,0,27,63,0,2
"Success","Jan 4, 2024, 4:22:05 PM","vdb-core-digital-k8s-prod","calculate-position-data","statefulset-calculate-position-data-postgres","cluster-controller","quay.io","quay.io/stackgres/cluster-controller:1.6.1",4,0,2,18,19,0,2
"Success","Jan 4, 2024, 4:22:00 PM","vdb-core-digital-k8s-prod","charge-session-agent","statefulset-charge-session-agent-postgres","cluster-controller","quay.io","quay.io/stackgres/cluster-controller:1.6.1",4,0,2,18,19,0,2
"Success","Jan 4, 2024, 4:21:46 PM","vdb-core-digital-k8s-prod","curtailment-billing","statefulset-curtailment-billing-postgres","cluster-controller","quay.io","quay.io/stackgres/cluster-controller:1.6.1",4,0,2,18,19,0,2
"Success","Jan 4, 2024, 4:21:55 PM","vdb-core-digital-k8s-prod","ocpp-communication","statefulset-ocpp-communication-postgres","cluster-controller","quay.io","quay.io/stackgres/cluster-controller:1.6.1",4,0,2,18,19,0,2
"Success","Jan 4, 2024, 4:21:51 PM","vdb-core-digital-k8s-prod","telemetry-allocation-api","statefulset-telemetry-allocation-api-postgres","cluster-controller","quay.io","quay.io/stackgres/cluster-controller:1.6.1",4,0,2,18,19,0,2
"Success","Jan 4, 2024, 4:21:38 PM","vdb-core-digital-k8s-prod","flex-optimizer","statefulset-flex-optimizer-postgres","envoy","quay.io","quay.io/ongres/envoy:v1.24.12-build-6.29",4,4,0,27,63,0,2
"Success","Jan 4, 2024, 3:56:48 PM","vdb-core-digital-k8s-prod","asset-reservations","statefulset-asset-reservations-postgres","cluster-controller","quay.io","quay.io/stackgres/cluster-controller:1.6.1",4,0,2,18,19,0,2
"Success","Jan 4, 2024, 3:56:44 PM","vdb-core-digital-k8s-prod","asset-reservations","statefulset-asset-reservations-postgres","envoy","quay.io","quay.io/ongres/envoy:v1.24.12-build-6.29",4,4,0,27,63,0,2
"Success","Jan 4, 2024, 3:32:01 PM","vdb-core-digital-k8s-prod","battery-agent","statefulset-battery-agent-postgres","cluster-controller","quay.io","quay.io/stackgres/cluster-controller:1.6.1",4,0,2,18,19,0,2
"Success","Jan 4, 2024, 3:31:59 PM","vdb-core-digital-k8s-prod","batterypack","statefulset-batterypack-postgres","envoy","quay.io","quay.io/ongres/envoy:v1.24.12-build-6.29",4,4,0,27,63,0,2
"Success","Jan 4, 2024, 3:32:05 PM","vdb-core-digital-k8s-prod","batterypack","statefulset-batterypack-postgres","cluster-controller","quay.io","quay.io/stackgres/cluster-controller:1.6.1",4,0,2,18,19,0,2
"Success","Jan 4, 2024, 3:31:58 PM","vdb-core-digital-k8s-prod","battery-agent","statefulset-battery-agent-postgres","envoy","quay.io","quay.io/ongres/envoy:v1.24.12-build-6.29",4,4,0,27,63,0,2
"Success","Jan 4, 2024, 1:28:42 PM","vdb-core-digital-k8s-prod","airbyte","statefulset-airbyte-postgres","cluster-controller","quay.io","quay.io/stackgres/cluster-controller:1.6.1",4,0,2,18,19,0,2
"Success","Jan 4, 2024, 1:28:38 PM","vdb-core-digital-k8s-prod","airbyte","statefulset-airbyte-postgres","envoy","quay.io","quay.io/ongres/envoy:v1.24.12-build-6.29",4,4,0,27,63,0,2
"Success","Jan 4, 2024, 8:40:38 AM","vdb-core-digital-k8s-prod","weather-data","statefulset-weather-data-postgres","cluster-controller","quay.io","quay.io/stackgres/cluster-controller:1.6.1",4,0,2,18,19,0,2
"Success","Jan 4, 2024, 8:40:35 AM","vdb-core-digital-k8s-prod","weather-data","statefulset-weather-data-postgres","envoy","quay.io","quay.io/ongres/envoy:v1.24.12-build-6.29",4,4,0,27,63,0,2
"Success","Jan 4, 2024, 8:45:49 AM","vdb-core-digital-k8s-prod","p4-data-processing","statefulset-p4-legacy-postgres","cluster-controller","quay.io","quay.io/stackgres/cluster-controller:1.6.1",4,0,2,18,19,0,2
"Success","Jan 4, 2024, 8:45:52 AM","vdb-core-digital-k8s-prod","ellert-p4-postgres","statefulset-ellert-p4-postgres-postgres","envoy","quay.io","quay.io/ongres/envoy:v1.24.12-build-6.29",4,4,0,27,63,0,2
"Success","Jan 4, 2024, 8:45:54 AM","vdb-core-digital-k8s-prod","ellert-p4-postgres","statefulset-ellert-p4-postgres-postgres","cluster-controller","quay.io","quay.io/stackgres/cluster-controller:1.6.1",4,0,2,18,19,0,2
"Success","Jan 4, 2024, 8:45:47 AM","vdb-core-digital-k8s-prod","p4-data-processing","statefulset-p4-legacy-postgres","envoy","quay.io","quay.io/ongres/envoy:v1.24.12-build-6.29",4,4,0,27,63,0,2
"Success","Jan 4, 2024, 8:38:25 AM","vdb-core-digital-k8s-prod","asset-compliance","statefulset-asset-compliance-postgres","envoy","quay.io","quay.io/ongres/envoy:v1.24.12-build-6.29",4,4,0,27,63,0,2
"Success","Jan 4, 2024, 8:38:28 AM","vdb-core-digital-k8s-prod","asset-compliance","statefulset-asset-compliance-postgres","cluster-controller","quay.io","quay.io/stackgres/cluster-controller:1.6.1",4,0,2,18,19,0,2
"Success","Jan 4, 2024, 8:41:32 AM","vdb-core-digital-k8s-prod","batterypack","deployment-flexgwchargepoints","service","bigdataregistry.azurecr.io","bigdataregistry.azurecr.io/flexgwchargepoints:20231220-12723",3,0,0,3,11,4,0
"Success","Jan 4, 2024, 8:43:24 AM","vdb-core-digital-k8s-prod","kubescape","deployment-gateway","gateway","quay.io","quay.io/kubescape/gateway:v0.1.20",2,0,0,2,0,0,0